[ {
  "End Shift (count)" : 0,
  "Start Shift (count)" : 0,
  "Date" : "2025-10-14",
  "Interval" : "08:00",
  "Line of business" : "Consumer Phone C1 English",
  "Requirements" : 18.0,
  "Language" : "English",
  "Lob (short)" : "Consumer Phone C1",
  "IntervalInterval End" : "08:15",
  "Sum(Start Shift (count))" : 0,
  "Sum(End Shift (count))" : 0,
  "Iteration" : 0,
  "Coverage" : 0.0,
  "Over-Under" : -18.0
}, {
  "End Shift (count)" : 0,
  "Start Shift (count)" : 2,
  "Date" : "2025-10-14",
  "Interval" : "08:15",
  "Line of business" : "Consumer Phone C1 English",
  "Requirements" : 18.0,
  "Language" : "English",
  "Lob (short)" : "Consumer Phone C1",
  "IntervalInterval End" : "08:30",
  "Sum(Start Shift (count))" : 2,
  "Sum(End Shift (count))" : 0,
  "Iteration" : 0,
  "Coverage" : 2.0,
  "Over-Under" : -16.0
}, {
  "End Shift (count)" : 0,
  "Start Shift (count)" : 3,
  "Date" : "2025-10-14",
  "Interval" : "08:30",
  "Line of business" : "Consumer Phone C1 English",
  "Requirements" : 16.0,
  "Language" : "English",
  "Lob (short)" : "Consumer Phone C1",
  "IntervalInterval End" : "08:45",
  "Sum(Start Shift (count))" : 5,
  "Sum(End Shift (count))" : 0,
  "Iteration" : 0,
  "Coverage" : 5.0,
  "Over-Under" : -11.0
}, {
  "End Shift (count)" : 0,
  "Start Shift (count)" : 0,
  "Date" : "2025-10-14",
  "Interval" : "08:45",
  "Line of business" : "Consumer Phone C1 English",
  "Requirements" : 16.0,
  "Language" : "English",
  "Lob (short)" : "Consumer Phone C1",
  "IntervalInterval End" : "09:00",
  "Sum(Start Shift (count))" : 5,
  "Sum(End Shift (count))" : 0,
  "Iteration" : 0,
  "Coverage" : 5.0,
  "Over-Under" : -11.0
}, {
  "End Shift (count)" : 0,
  "Start Shift (count)" : 2,
  "Date" : "2025-10-14",
  "Interval" : "09:15",
  "Line of business" : "Consumer Phone C1 English",
  "Requirements" : 20.0,
  "Language" : "English",
  "Lob (short)" : "Consumer Phone C1",
  "IntervalInterval End" : "09:30",
  "Sum(Start Shift (count))" : 8,
  "Sum(End Shift (count))" : 0,
  "Iteration" : 0,
  "Coverage" : 8.0,
  "Over-Under" : -12.0
}, {
  "End Shift (count)" : 2,
  "Start Shift (count)" : 0,
  "Date" : "2025-10-14",
  "Interval" : "18:30",
  "Line of business" : "Consumer Phone C1 English",
  "Requirements" : 15.0,
  "Language" : "English",
  "Lob (short)" : "Consumer Phone C1",
  "IntervalInterval End" : "18:45",
  "Sum(Start Shift (count))" : 27,
  "Sum(End Shift (count))" : 16,
  "Iteration" : 0,
  "Coverage" : 11.0,
  "Over-Under" : -4.0
}, {
  "End Shift (count)" : 2,
  "Start Shift (count)" : 0,
  "Date" : "2025-10-14",
  "Interval" : "19:00",
  "Line of business" : "Consumer Phone C1 English",
  "Requirements" : 13.0,
  "Language" : "English",
  "Lob (short)" : "Consumer Phone C1",
  "IntervalInterval End" : "19:15",
  "Sum(Start Shift (count))" : 27,
  "Sum(End Shift (count))" : 21,
  "Iteration" : 0,
  "Coverage" : 6.0,
  "Over-Under" : -7.0
}, {
  "End Shift (count)" : 2,
  "Start Shift (count)" : 0,
  "Date" : "2025-10-14",
  "Interval" : "19:15",
  "Line of business" : "Consumer Phone C1 English",
  "Requirements" : 19.0,
  "Language" : "English",
  "Lob (short)" : "Consumer Phone C1",
  "IntervalInterval End" : "19:30",
  "Sum(Start Shift (count))" : 27,
  "Sum(End Shift (count))" : 23,
  "Iteration" : 0,
  "Coverage" : 4.0,
  "Over-Under" : -15.0
}, {
  "End Shift (count)" : 0,
  "Start Shift (count)" : 0,
  "Date" : "2025-10-14",
  "Interval" : "19:30",
  "Line of business" : "Consumer Phone C1 English",
  "Requirements" : 17.0,
  "Language" : "English",
  "Lob (short)" : "Consumer Phone C1",
  "IntervalInterval End" : "19:45",
  "Sum(Start Shift (count))" : 27,
  "Sum(End Shift (count))" : 23,
  "Iteration" : 0,
  "Coverage" : 4.0,
  "Over-Under" : -13.0
}, {
  "End Shift (count)" : 1,
  "Start Shift (count)" : 0,
  "Date" : "2025-10-14",
  "Interval" : "19:45",
  "Line of business" : "Consumer Phone C1 English",
  "Requirements" : 14.0,
  "Language" : "English",
  "Lob (short)" : "Consumer Phone C1",
  "IntervalInterval End" : "20:00",
  "Sum(Start Shift (count))" : 27,
  "Sum(End Shift (count))" : 24,
  "Iteration" : 0,
  "Coverage" : 3.0,
  "Over-Under" : -11.0
}, {
  "End Shift (count)" : 2,
  "Start Shift (count)" : 0,
  "Date" : "2025-10-14",
  "Interval" : "20:00",
  "Line of business" : "Consumer Phone C1 English",
  "Requirements" : 20.0,
  "Language" : "English",
  "Lob (short)" : "Consumer Phone C1",
  "IntervalInterval End" : "20:15",
  "Sum(Start Shift (count))" : 27,
  "Sum(End Shift (count))" : 26,
  "Iteration" : 0,
  "Coverage" : 1.0,
  "Over-Under" : -19.0
}, {
  "End Shift (count)" : 0,
  "Start Shift (count)" : 2,
  "Date" : "2025-10-14",
  "Interval" : "07:00",
  "Line of business" : "Consumer Phone C1 French",
  "Requirements" : 20.0,
  "Language" : "French",
  "Lob (short)" : "Consumer Phone C1",
  "IntervalInterval End" : "07:15",
  "Sum(Start Shift (count))" : 2,
  "Sum(End Shift (count))" : 0,
  "Iteration" : 1,
  "Coverage" : 2.0,
  "Over-Under" : -18.0
}, {
  "End Shift (count)" : 0,
  "Start Shift (count)" : 1,
  "Date" : "2025-10-14",
  "Interval" : "07:15",
  "Line of business" : "Consumer Phone C1 French",
  "Requirements" : 19.0,
  "Language" : "French",
  "Lob (short)" : "Consumer Phone C1",
  "IntervalInterval End" : "07:30",
  "Sum(Start Shift (count))" : 3,
  "Sum(End Shift (count))" : 0,
  "Iteration" : 1,
  "Coverage" : 3.0,
  "Over-Under" : -16.0
}, {
  "End Shift (count)" : 0,
  "Start Shift (count)" : 0,
  "Date" : "2025-10-14",
  "Interval" : "07:30",
  "Line of business" : "Consumer Phone C1 French",
  "Requirements" : 14.0,
  "Language" : "French",
  "Lob (short)" : "Consumer Phone C1",
  "IntervalInterval End" : "07:45",
  "Sum(Start Shift (count))" : 3,
  "Sum(End Shift (count))" : 0,
  "Iteration" : 1,
  "Coverage" : 3.0,
  "Over-Under" : -11.0
}, {
  "End Shift (count)" : 0,
  "Start Shift (count)" : 1,
  "Date" : "2025-10-14",
  "Interval" : "07:45",
  "Line of business" : "Consumer Phone C1 French",
  "Requirements" : 18.0,
  "Language" : "French",
  "Lob (short)" : "Consumer Phone C1",
  "IntervalInterval End" : "08:00",
  "Sum(Start Shift (count))" : 4,
  "Sum(End Shift (count))" : 0,
  "Iteration" : 1,
  "Coverage" : 4.0,
  "Over-Under" : -14.0
}, {
  "End Shift (count)" : 0,
  "Start Shift (count)" : 2,
  "Date" : "2025-10-14",
  "Interval" : "08:15",
  "Line of business" : "Consumer Phone C1 French",
  "Requirements" : 12.0,
  "Language" : "French",
  "Lob (short)" : "Consumer Phone C1",
  "IntervalInterval End" : "08:30",
  "Sum(Start Shift (count))" : 7,
  "Sum(End Shift (count))" : 0,
  "Iteration" : 1,
  "Coverage" : 7.0,
  "Over-Under" : -5.0
}, {
  "End Shift (count)" : 0,
  "Start Shift (count)" : 1,
  "Date" : "2025-10-14",
  "Interval" : "08:30",
  "Line of business" : "Consumer Phone C1 French",
  "Requirements" : 18.0,
  "Language" : "French",
  "Lob (short)" : "Consumer Phone C1",
  "IntervalInterval End" : "08:45",
  "Sum(Start Shift (count))" : 8,
  "Sum(End Shift (count))" : 0,
  "Iteration" : 1,
  "Coverage" : 8.0,
  "Over-Under" : -10.0
}, {
  "End Shift (count)" : 0,
  "Start Shift (count)" : 1,
  "Date" : "2025-10-14",
  "Interval" : "08:45",
  "Line of business" : "Consumer Phone C1 French",
  "Requirements" : 10.0,
  "Language" : "French",
  "Lob (short)" : "Consumer Phone C1",
  "IntervalInterval End" : "09:00",
  "Sum(Start Shift (count))" : 9,
  "Sum(End Shift (count))" : 0,
  "Iteration" : 1,
  "Coverage" : 9.0,
  "Over-Under" : -1.0
}, {
  "End Shift (count)" : 0,
  "Start Shift (count)" : 2,
  "Date" : "2025-10-14",
  "Interval" : "09:00",
  "Line of business" : "Consumer Phone C1 French",
  "Requirements" : 18.0,
  "Language" : "French",
  "Lob (short)" : "Consumer Phone C1",
  "IntervalInterval End" : "09:15",
  "Sum(Start Shift (count))" : 11,
  "Sum(End Shift (count))" : 0,
  "Iteration" : 1,
  "Coverage" : 11.0,
  "Over-Under" : -7.0
}, {
  "End Shift (count)" : 1,
  "Start Shift (count)" : 0,
  "Date" : "2025-10-14",
  "Interval" : "17:30",
  "Line of business" : "Consumer Phone C1 French",
  "Requirements" : 19.0,
  "Language" : "French",
  "Lob (short)" : "Consumer Phone C1",
  "IntervalInterval End" : "17:45",
  "Sum(Start Shift (count))" : 25,
  "Sum(End Shift (count))" : 8,
  "Iteration" : 1,
  "Coverage" : 17.0,
  "Over-Under" : -2.0
}, {
  "End Shift (count)" : 2,
  "Start Shift (count)" : 0,
  "Date" : "2025-10-14",
  "Interval" : "18:00",
  "Line of business" : "Consumer Phone C1 French",
  "Requirements" : 17.0,
  "Language" : "French",
  "Lob (short)" : "Consumer Phone C1",
  "IntervalInterval End" : "18:15",
  "Sum(Start Shift (count))" : 25,
  "Sum(End Shift (count))" : 11,
  "Iteration" : 1,
  "Coverage" : 14.0,
  "Over-Under" : -3.0
}, {
  "End Shift (count)" : 2,
  "Start Shift (count)" : 0,
  "Date" : "2025-10-14",
  "Interval" : "18:45",
  "Line of business" : "Consumer Phone C1 French",
  "Requirements" : 18.0,
  "Language" : "French",
  "Lob (short)" : "Consumer Phone C1",
  "IntervalInterval End" : "19:00",
  "Sum(Start Shift (count))" : 25,
  "Sum(End Shift (count))" : 16,
  "Iteration" : 1,
  "Coverage" : 9.0,
  "Over-Under" : -9.0
}, {
  "End Shift (count)" : 0,
  "Start Shift (count)" : 1,
  "Date" : "2025-10-14",
  "Interval" : "09:00",
  "Line of business" : "Consumer Phone C1 Portuguese",
  "Requirements" : 19.0,
  "Language" : "Portuguese",
  "Lob (short)" : "Consumer Phone C1",
  "IntervalInterval End" : "09:15",
  "Sum(Start Shift (count))" : 1,
  "Sum(End Shift (count))" : 0,
  "Iteration" : 2,
  "Coverage" : 1.0,
  "Over-Under" : -18.0
}, {
  "End Shift (count)" : 0,
  "Start Shift (count)" : 6,
  "Date" : "2025-10-14",
  "Interval" : "09:15",
  "Line of business" : "Consumer Phone C1 Portuguese",
  "Requirements" : 9.0,
  "Language" : "Portuguese",
  "Lob (short)" : "Consumer Phone C1",
  "IntervalInterval End" : "09:30",
  "Sum(Start Shift (count))" : 7,
  "Sum(End Shift (count))" : 0,
  "Iteration" : 2,
  "Coverage" : 7.0,
  "Over-Under" : -2.0
}, {
  "End Shift (count)" : 0,
  "Start Shift (count)" : 1,
  "Date" : "2025-10-14",
  "Interval" : "09:30",
  "Line of business" : "Consumer Phone C1 Portuguese",
  "Requirements" : 16.0,
  "Language" : "Portuguese",
  "Lob (short)" : "Consumer Phone C1",
  "IntervalInterval End" : "09:45",
  "Sum(Start Shift (count))" : 8,
  "Sum(End Shift (count))" : 0,
  "Iteration" : 2,
  "Coverage" : 8.0,
  "Over-Under" : -8.0
}, {
  "End Shift (count)" : 0,
  "Start Shift (count)" : 0,
  "Date" : "2025-10-14",
  "Interval" : "09:45",
  "Line of business" : "Consumer Phone C1 Portuguese",
  "Requirements" : 11.0,
  "Language" : "Portuguese",
  "Lob (short)" : "Consumer Phone C1",
  "IntervalInterval End" : "10:00",
  "Sum(Start Shift (count))" : 8,
  "Sum(End Shift (count))" : 0,
  "Iteration" : 2,
  "Coverage" : 8.0,
  "Over-Under" : -3.0
}, {
  "End Shift (count)" : 0,
  "Start Shift (count)" : 0,
  "Date" : "2025-10-14",
  "Interval" : "10:00",
  "Line of business" : "Consumer Phone C1 Portuguese",
  "Requirements" : 9.0,
  "Language" : "Portuguese",
  "Lob (short)" : "Consumer Phone C1",
  "IntervalInterval End" : "10:15",
  "Sum(Start Shift (count))" : 8,
  "Sum(End Shift (count))" : 0,
  "Iteration" : 2,
  "Coverage" : 8.0,
  "Over-Under" : -1.0
}, {
  "End Shift (count)" : 0,
  "Start Shift (count)" : 1,
  "Date" : "2025-10-14",
  "Interval" : "10:15",
  "Line of business" : "Consumer Phone C1 Portuguese",
  "Requirements" : 16.0,
  "Language" : "Portuguese",
  "Lob (short)" : "Consumer Phone C1",
  "IntervalInterval End" : "10:30",
  "Sum(Start Shift (count))" : 9,
  "Sum(End Shift (count))" : 0,
  "Iteration" : 2,
  "Coverage" : 9.0,
  "Over-Under" : -7.0
}, {
  "End Shift (count)" : 0,
  "Start Shift (count)" : 0,
  "Date" : "2025-10-14",
  "Interval" : "10:30",
  "Line of business" : "Consumer Phone C1 Portuguese",
  "Requirements" : 13.0,
  "Language" : "Portuguese",
  "Lob (short)" : "Consumer Phone C1",
  "IntervalInterval End" : "10:45",
  "Sum(Start Shift (count))" : 9,
  "Sum(End Shift (count))" : 0,
  "Iteration" : 2,
  "Coverage" : 9.0,
  "Over-Under" : -4.0
}, {
  "End Shift (count)" : 0,
  "Start Shift (count)" : 3,
  "Date" : "2025-10-14",
  "Interval" : "10:45",
  "Line of business" : "Consumer Phone C1 Portuguese",
  "Requirements" : 13.0,
  "Language" : "Portuguese",
  "Lob (short)" : "Consumer Phone C1",
  "IntervalInterval End" : "11:00",
  "Sum(Start Shift (count))" : 12,
  "Sum(End Shift (count))" : 0,
  "Iteration" : 2,
  "Coverage" : 12.0,
  "Over-Under" : -1.0
}, {
  "End Shift (count)" : 0,
  "Start Shift (count)" : 0,
  "Date" : "2025-10-14",
  "Interval" : "13:00",
  "Line of business" : "Consumer Phone C1 Portuguese",
  "Requirements" : 20.0,
  "Language" : "Portuguese",
  "Lob (short)" : "Consumer Phone C1",
  "IntervalInterval End" : "13:15",
  "Sum(Start Shift (count))" : 16,
  "Sum(End Shift (count))" : 0,
  "Iteration" : 2,
  "Coverage" : 16.0,
  "Over-Under" : -4.0
}, {
  "End Shift (count)" : 0,
  "Start Shift (count)" : 0,
  "Date" : "2025-10-14",
  "Interval" : "13:30",
  "Line of business" : "Consumer Phone C1 Portuguese",
  "Requirements" : 17.0,
  "Language" : "Portuguese",
  "Lob (short)" : "Consumer Phone C1",
  "IntervalInterval End" : "13:45",
  "Sum(Start Shift (count))" : 16,
  "Sum(End Shift (count))" : 0,
  "Iteration" : 2,
  "Coverage" : 16.0,
  "Over-Under" : -1.0
}, {
  "End Shift (count)" : 0,
  "Start Shift (count)" : 0,
  "Date" : "2025-10-14",
  "Interval" : "14:00",
  "Line of business" : "Consumer Phone C1 Portuguese",
  "Requirements" : 20.0,
  "Language" : "Portuguese",
  "Lob (short)" : "Consumer Phone C1",
  "IntervalInterval End" : "14:15",
  "Sum(Start Shift (count))" : 16,
  "Sum(End Shift (count))" : 0,
  "Iteration" : 2,
  "Coverage" : 16.0,
  "Over-Under" : -4.0
}, {
  "End Shift (count)" : 0,
  "Start Shift (count)" : 0,
  "Date" : "2025-10-14",
  "Interval" : "15:30",
  "Line of business" : "Consumer Phone C1 Portuguese",
  "Requirements" : 18.0,
  "Language" : "Portuguese",
  "Lob (short)" : "Consumer Phone C1",
  "IntervalInterval End" : "15:45",
  "Sum(Start Shift (count))" : 16,
  "Sum(End Shift (count))" : 0,
  "Iteration" : 2,
  "Coverage" : 16.0,
  "Over-Under" : -2.0
}, {
  "End Shift (count)" : 1,
  "Start Shift (count)" : 0,
  "Date" : "2025-10-14",
  "Interval" : "16:15",
  "Line of business" : "Consumer Phone C1 Portuguese",
  "Requirements" : 19.0,
  "Language" : "Portuguese",
  "Lob (short)" : "Consumer Phone C1",
  "IntervalInterval End" : "16:30",
  "Sum(Start Shift (count))" : 16,
  "Sum(End Shift (count))" : 4,
  "Iteration" : 2,
  "Coverage" : 12.0,
  "Over-Under" : -7.0
}, {
  "End Shift (count)" : 5,
  "Start Shift (count)" : 0,
  "Date" : "2025-10-14",
  "Interval" : "17:00",
  "Line of business" : "Consumer Phone C1 Portuguese",
  "Requirements" : 18.0,
  "Language" : "Portuguese",
  "Lob (short)" : "Consumer Phone C1",
  "IntervalInterval End" : "17:15",
  "Sum(Start Shift (count))" : 16,
  "Sum(End Shift (count))" : 12,
  "Iteration" : 2,
  "Coverage" : 4.0,
  "Over-Under" : -14.0
}, {
  "End Shift (count)" : 1,
  "Start Shift (count)" : 0,
  "Date" : "2025-10-14",
  "Interval" : "17:15",
  "Line of business" : "Consumer Phone C1 Portuguese",
  "Requirements" : 6.0,
  "Language" : "Portuguese",
  "Lob (short)" : "Consumer Phone C1",
  "IntervalInterval End" : "17:30",
  "Sum(Start Shift (count))" : 16,
  "Sum(End Shift (count))" : 13,
  "Iteration" : 2,
  "Coverage" : 3.0,
  "Over-Under" : -3.0
}, {
  "End Shift (count)" : 0,
  "Start Shift (count)" : 0,
  "Date" : "2025-10-14",
  "Interval" : "17:30",
  "Line of business" : "Consumer Phone C1 Portuguese",
  "Requirements" : 4.0,
  "Language" : "Portuguese",
  "Lob (short)" : "Consumer Phone C1",
  "IntervalInterval End" : "17:45",
  "Sum(Start Shift (count))" : 16,
  "Sum(End Shift (count))" : 13,
  "Iteration" : 2,
  "Coverage" : 3.0,
  "Over-Under" : -1.0
}, {
  "End Shift (count)" : 0,
  "Start Shift (count)" : 0,
  "Date" : "2025-10-14",
  "Interval" : "17:45",
  "Line of business" : "Consumer Phone C1 Portuguese",
  "Requirements" : 8.0,
  "Language" : "Portuguese",
  "Lob (short)" : "Consumer Phone C1",
  "IntervalInterval End" : "18:00",
  "Sum(Start Shift (count))" : 16,
  "Sum(End Shift (count))" : 13,
  "Iteration" : 2,
  "Coverage" : 3.0,
  "Over-Under" : -5.0
}, {
  "End Shift (count)" : 1,
  "Start Shift (count)" : 0,
  "Date" : "2025-10-14",
  "Interval" : "18:00",
  "Line of business" : "Consumer Phone C1 Portuguese",
  "Requirements" : 15.0,
  "Language" : "Portuguese",
  "Lob (short)" : "Consumer Phone C1",
  "IntervalInterval End" : "18:15",
  "Sum(Start Shift (count))" : 16,
  "Sum(End Shift (count))" : 14,
  "Iteration" : 2,
  "Coverage" : 2.0,
  "Over-Under" : -13.0
}, {
  "End Shift (count)" : 6,
  "Start Shift (count)" : 0,
  "Date" : "2025-10-14",
  "Interval" : "18:15",
  "Line of business" : "Consumer Phone C1 Portuguese",
  "Requirements" : 20.0,
  "Language" : "Portuguese",
  "Lob (short)" : "Consumer Phone C1",
  "IntervalInterval End" : "18:30",
  "Sum(Start Shift (count))" : 16,
  "Sum(End Shift (count))" : 20,
  "Iteration" : 2,
  "Coverage" : -4.0,
  "Over-Under" : -24.0
}, {
  "End Shift (count)" : 1,
  "Start Shift (count)" : 0,
  "Date" : "2025-10-14",
  "Interval" : "18:30",
  "Line of business" : "Consumer Phone C1 Portuguese",
  "Requirements" : 3.0,
  "Language" : "Portuguese",
  "Lob (short)" : "Consumer Phone C1",
  "IntervalInterval End" : "18:45",
  "Sum(Start Shift (count))" : 16,
  "Sum(End Shift (count))" : 21,
  "Iteration" : 2,
  "Coverage" : -5.0,
  "Over-Under" : -8.0
}, {
  "End Shift (count)" : 0,
  "Start Shift (count)" : 0,
  "Date" : "2025-10-14",
  "Interval" : "18:45",
  "Line of business" : "Consumer Phone C1 Portuguese",
  "Requirements" : 1.0,
  "Language" : "Portuguese",
  "Lob (short)" : "Consumer Phone C1",
  "IntervalInterval End" : "19:00",
  "Sum(Start Shift (count))" : 16,
  "Sum(End Shift (count))" : 21,
  "Iteration" : 2,
  "Coverage" : -5.0,
  "Over-Under" : -6.0
}, {
  "End Shift (count)" : 0,
  "Start Shift (count)" : 0,
  "Date" : "2025-10-14",
  "Interval" : "19:00",
  "Line of business" : "Consumer Phone C1 Portuguese",
  "Requirements" : 8.0,
  "Language" : "Portuguese",
  "Lob (short)" : "Consumer Phone C1",
  "IntervalInterval End" : "19:15",
  "Sum(Start Shift (count))" : 16,
  "Sum(End Shift (count))" : 21,
  "Iteration" : 2,
  "Coverage" : -5.0,
  "Over-Under" : -13.0
}, {
  "End Shift (count)" : 1,
  "Start Shift (count)" : 0,
  "Date" : "2025-10-14",
  "Interval" : "19:15",
  "Line of business" : "Consumer Phone C1 Portuguese",
  "Requirements" : 3.0,
  "Language" : "Portuguese",
  "Lob (short)" : "Consumer Phone C1",
  "IntervalInterval End" : "19:30",
  "Sum(Start Shift (count))" : 16,
  "Sum(End Shift (count))" : 22,
  "Iteration" : 2,
  "Coverage" : -6.0,
  "Over-Under" : -9.0
}, {
  "End Shift (count)" : 0,
  "Start Shift (count)" : 0,
  "Date" : "2025-10-14",
  "Interval" : "19:30",
  "Line of business" : "Consumer Phone C1 Portuguese",
  "Requirements" : 7.0,
  "Language" : "Portuguese",
  "Lob (short)" : "Consumer Phone C1",
  "IntervalInterval End" : "19:45",
  "Sum(Start Shift (count))" : 16,
  "Sum(End Shift (count))" : 22,
  "Iteration" : 2,
  "Coverage" : -6.0,
  "Over-Under" : -13.0
}, {
  "End Shift (count)" : 3,
  "Start Shift (count)" : 0,
  "Date" : "2025-10-14",
  "Interval" : "19:45",
  "Line of business" : "Consumer Phone C1 Portuguese",
  "Requirements" : 18.0,
  "Language" : "Portuguese",
  "Lob (short)" : "Consumer Phone C1",
  "IntervalInterval End" : "20:00",
  "Sum(Start Shift (count))" : 16,
  "Sum(End Shift (count))" : 25,
  "Iteration" : 2,
  "Coverage" : -9.0,
  "Over-Under" : -27.0
}, {
  "End Shift (count)" : 0,
  "Start Shift (count)" : 0,
  "Date" : "2025-10-14",
  "Interval" : "20:00",
  "Line of business" : "Consumer Phone C1 Portuguese",
  "Requirements" : 20.0,
  "Language" : "Portuguese",
  "Lob (short)" : "Consumer Phone C1",
  "IntervalInterval End" : "20:15",
  "Sum(Start Shift (count))" : 16,
  "Sum(End Shift (count))" : 25,
  "Iteration" : 2,
  "Coverage" : -9.0,
  "Over-Under" : -29.0
}, {
  "End Shift (count)" : 3,
  "Start Shift (count)" : 0,
  "Date" : "2025-10-14",
  "Interval" : "20:15",
  "Line of business" : "Consumer Phone C1 Portuguese",
  "Requirements" : 12.0,
  "Language" : "Portuguese",
  "Lob (short)" : "Consumer Phone C1",
  "IntervalInterval End" : "20:30",
  "Sum(Start Shift (count))" : 16,
  "Sum(End Shift (count))" : 28,
  "Iteration" : 2,
  "Coverage" : -12.0,
  "Over-Under" : -24.0
}, {
  "End Shift (count)" : 0,
  "Start Shift (count)" : 0,
  "Date" : "2025-10-14",
  "Interval" : "20:30",
  "Line of business" : "Consumer Phone C1 Portuguese",
  "Requirements" : 7.0,
  "Language" : "Portuguese",
  "Lob (short)" : "Consumer Phone C1",
  "IntervalInterval End" : "20:45",
  "Sum(Start Shift (count))" : 16,
  "Sum(End Shift (count))" : 28,
  "Iteration" : 2,
  "Coverage" : -12.0,
  "Over-Under" : -19.0
}, {
  "End Shift (count)" : 1,
  "Start Shift (count)" : 0,
  "Date" : "2025-10-14",
  "Interval" : "20:45",
  "Line of business" : "Consumer Phone C1 Portuguese",
  "Requirements" : 10.0,
  "Language" : "Portuguese",
  "Lob (short)" : "Consumer Phone C1",
  "IntervalInterval End" : "21:00",
  "Sum(Start Shift (count))" : 16,
  "Sum(End Shift (count))" : 29,
  "Iteration" : 2,
  "Coverage" : -13.0,
  "Over-Under" : -23.0
}, {
  "End Shift (count)" : 0,
  "Start Shift (count)" : 0,
  "Date" : "2025-10-14",
  "Interval" : "21:00",
  "Line of business" : "Consumer Phone C1 Portuguese",
  "Requirements" : 11.0,
  "Language" : "Portuguese",
  "Lob (short)" : "Consumer Phone C1",
  "IntervalInterval End" : "21:15",
  "Sum(Start Shift (count))" : 16,
  "Sum(End Shift (count))" : 29,
  "Iteration" : 2,
  "Coverage" : -13.0,
  "Over-Under" : -24.0
}, {
  "End Shift (count)" : 0,
  "Start Shift (count)" : 2,
  "Date" : "2025-10-14",
  "Interval" : "08:00",
  "Line of business" : "Consumer Phone C2 English",
  "Requirements" : 18.0,
  "Language" : "English",
  "Lob (short)" : "Consumer Phone C2",
  "IntervalInterval End" : "08:15",
  "Sum(Start Shift (count))" : 2,
  "Sum(End Shift (count))" : 0,
  "Iteration" : 3,
  "Coverage" : 2.0,
  "Over-Under" : -16.0
}, {
  "End Shift (count)" : 0,
  "Start Shift (count)" : 5,
  "Date" : "2025-10-14",
  "Interval" : "08:15",
  "Line of business" : "Consumer Phone C2 English",
  "Requirements" : 17.0,
  "Language" : "English",
  "Lob (short)" : "Consumer Phone C2",
  "IntervalInterval End" : "08:30",
  "Sum(Start Shift (count))" : 7,
  "Sum(End Shift (count))" : 0,
  "Iteration" : 3,
  "Coverage" : 7.0,
  "Over-Under" : -10.0
}, {
  "End Shift (count)" : 0,
  "Start Shift (count)" : 0,
  "Date" : "2025-10-14",
  "Interval" : "08:45",
  "Line of business" : "Consumer Phone C2 English",
  "Requirements" : 18.0,
  "Language" : "English",
  "Lob (short)" : "Consumer Phone C2",
  "IntervalInterval End" : "09:00",
  "Sum(Start Shift (count))" : 8,
  "Sum(End Shift (count))" : 0,
  "Iteration" : 3,
  "Coverage" : 8.0,
  "Over-Under" : -10.0
}, {
  "End Shift (count)" : 0,
  "Start Shift (count)" : 0,
  "Date" : "2025-10-14",
  "Interval" : "09:00",
  "Line of business" : "Consumer Phone C2 English",
  "Requirements" : 12.0,
  "Language" : "English",
  "Lob (short)" : "Consumer Phone C2",
  "IntervalInterval End" : "09:15",
  "Sum(Start Shift (count))" : 8,
  "Sum(End Shift (count))" : 0,
  "Iteration" : 3,
  "Coverage" : 8.0,
  "Over-Under" : -4.0
}, {
  "End Shift (count)" : 0,
  "Start Shift (count)" : 2,
  "Date" : "2025-10-14",
  "Interval" : "09:15",
  "Line of business" : "Consumer Phone C2 English",
  "Requirements" : 14.0,
  "Language" : "English",
  "Lob (short)" : "Consumer Phone C2",
  "IntervalInterval End" : "09:30",
  "Sum(Start Shift (count))" : 10,
  "Sum(End Shift (count))" : 0,
  "Iteration" : 3,
  "Coverage" : 10.0,
  "Over-Under" : -4.0
}, {
  "End Shift (count)" : 0,
  "Start Shift (count)" : 0,
  "Date" : "2025-10-14",
  "Interval" : "10:45",
  "Line of business" : "Consumer Phone C2 English",
  "Requirements" : 20.0,
  "Language" : "English",
  "Lob (short)" : "Consumer Phone C2",
  "IntervalInterval End" : "11:00",
  "Sum(Start Shift (count))" : 18,
  "Sum(End Shift (count))" : 0,
  "Iteration" : 3,
  "Coverage" : 18.0,
  "Over-Under" : -2.0
}, {
  "End Shift (count)" : 5,
  "Start Shift (count)" : 0,
  "Date" : "2025-10-14",
  "Interval" : "17:15",
  "Line of business" : "Consumer Phone C2 English",
  "Requirements" : 16.0,
  "Language" : "English",
  "Lob (short)" : "Consumer Phone C2",
  "IntervalInterval End" : "17:30",
  "Sum(Start Shift (count))" : 23,
  "Sum(End Shift (count))" : 12,
  "Iteration" : 3,
  "Coverage" : 11.0,
  "Over-Under" : -5.0
}, {
  "End Shift (count)" : 1,
  "Start Shift (count)" : 0,
  "Date" : "2025-10-14",
  "Interval" : "17:30",
  "Line of business" : "Consumer Phone C2 English",
  "Requirements" : 11.0,
  "Language" : "English",
  "Lob (short)" : "Consumer Phone C2",
  "IntervalInterval End" : "17:45",
  "Sum(Start Shift (count))" : 23,
  "Sum(End Shift (count))" : 13,
  "Iteration" : 3,
  "Coverage" : 10.0,
  "Over-Under" : -1.0
}, {
  "End Shift (count)" : 2,
  "Start Shift (count)" : 0,
  "Date" : "2025-10-14",
  "Interval" : "18:15",
  "Line of business" : "Consumer Phone C2 English",
  "Requirements" : 14.0,
  "Language" : "English",
  "Lob (short)" : "Consumer Phone C2",
  "IntervalInterval End" : "18:30",
  "Sum(Start Shift (count))" : 23,
  "Sum(End Shift (count))" : 15,
  "Iteration" : 3,
  "Coverage" : 8.0,
  "Over-Under" : -6.0
}, {
  "End Shift (count)" : 2,
  "Start Shift (count)" : 0,
  "Date" : "2025-10-14",
  "Interval" : "18:30",
  "Line of business" : "Consumer Phone C2 English",
  "Requirements" : 11.0,
  "Language" : "English",
  "Lob (short)" : "Consumer Phone C2",
  "IntervalInterval End" : "18:45",
  "Sum(Start Shift (count))" : 23,
  "Sum(End Shift (count))" : 17,
  "Iteration" : 3,
  "Coverage" : 6.0,
  "Over-Under" : -5.0
}, {
  "End Shift (count)" : 1,
  "Start Shift (count)" : 0,
  "Date" : "2025-10-14",
  "Interval" : "18:45",
  "Line of business" : "Consumer Phone C2 English",
  "Requirements" : 18.0,
  "Language" : "English",
  "Lob (short)" : "Consumer Phone C2",
  "IntervalInterval End" : "19:00",
  "Sum(Start Shift (count))" : 23,
  "Sum(End Shift (count))" : 18,
  "Iteration" : 3,
  "Coverage" : 5.0,
  "Over-Under" : -13.0
}, {
  "End Shift (count)" : 2,
  "Start Shift (count)" : 0,
  "Date" : "2025-10-14",
  "Interval" : "19:00",
  "Line of business" : "Consumer Phone C2 English",
  "Requirements" : 17.0,
  "Language" : "English",
  "Lob (short)" : "Consumer Phone C2",
  "IntervalInterval End" : "19:15",
  "Sum(Start Shift (count))" : 23,
  "Sum(End Shift (count))" : 20,
  "Iteration" : 3,
  "Coverage" : 3.0,
  "Over-Under" : -14.0
}, {
  "End Shift (count)" : 2,
  "Start Shift (count)" : 0,
  "Date" : "2025-10-14",
  "Interval" : "19:30",
  "Line of business" : "Consumer Phone C2 English",
  "Requirements" : 18.0,
  "Language" : "English",
  "Lob (short)" : "Consumer Phone C2",
  "IntervalInterval End" : "19:45",
  "Sum(Start Shift (count))" : 23,
  "Sum(End Shift (count))" : 23,
  "Iteration" : 3,
  "Coverage" : 0.0,
  "Over-Under" : -18.0
}, {
  "End Shift (count)" : 0,
  "Start Shift (count)" : 0,
  "Date" : "2025-10-14",
  "Interval" : "19:45",
  "Line of business" : "Consumer Phone C2 English",
  "Requirements" : 17.0,
  "Language" : "English",
  "Lob (short)" : "Consumer Phone C2",
  "IntervalInterval End" : "20:00",
  "Sum(Start Shift (count))" : 23,
  "Sum(End Shift (count))" : 23,
  "Iteration" : 3,
  "Coverage" : 0.0,
  "Over-Under" : -17.0
}, {
  "End Shift (count)" : 0,
  "Start Shift (count)" : 0,
  "Date" : "2025-10-14",
  "Interval" : "20:00",
  "Line of business" : "Consumer Phone C2 English",
  "Requirements" : 2.0,
  "Language" : "English",
  "Lob (short)" : "Consumer Phone C2",
  "IntervalInterval End" : "20:15",
  "Sum(Start Shift (count))" : 23,
  "Sum(End Shift (count))" : 23,
  "Iteration" : 3,
  "Coverage" : 0.0,
  "Over-Under" : -2.0
}, {
  "End Shift (count)" : 0,
  "Start Shift (count)" : 0,
  "Date" : "2025-10-14",
  "Interval" : "07:00",
  "Line of business" : "Consumer Phone C2 French",
  "Requirements" : 3.0,
  "Language" : "French",
  "Lob (short)" : "Consumer Phone C2",
  "IntervalInterval End" : "07:15",
  "Sum(Start Shift (count))" : 0,
  "Sum(End Shift (count))" : 0,
  "Iteration" : 4,
  "Coverage" : 0.0,
  "Over-Under" : -3.0
}, {
  "End Shift (count)" : 0,
  "Start Shift (count)" : 1,
  "Date" : "2025-10-14",
  "Interval" : "07:15",
  "Line of business" : "Consumer Phone C2 French",
  "Requirements" : 16.0,
  "Language" : "French",
  "Lob (short)" : "Consumer Phone C2",
  "IntervalInterval End" : "07:30",
  "Sum(Start Shift (count))" : 1,
  "Sum(End Shift (count))" : 0,
  "Iteration" : 4,
  "Coverage" : 1.0,
  "Over-Under" : -15.0
}, {
  "End Shift (count)" : 0,
  "Start Shift (count)" : 2,
  "Date" : "2025-10-14",
  "Interval" : "07:30",
  "Line of business" : "Consumer Phone C2 French",
  "Requirements" : 19.0,
  "Language" : "French",
  "Lob (short)" : "Consumer Phone C2",
  "IntervalInterval End" : "07:45",
  "Sum(Start Shift (count))" : 3,
  "Sum(End Shift (count))" : 0,
  "Iteration" : 4,
  "Coverage" : 3.0,
  "Over-Under" : -16.0
}, {
  "End Shift (count)" : 0,
  "Start Shift (count)" : 0,
  "Date" : "2025-10-14",
  "Interval" : "07:45",
  "Line of business" : "Consumer Phone C2 French",
  "Requirements" : 5.0,
  "Language" : "French",
  "Lob (short)" : "Consumer Phone C2",
  "IntervalInterval End" : "08:00",
  "Sum(Start Shift (count))" : 3,
  "Sum(End Shift (count))" : 0,
  "Iteration" : 4,
  "Coverage" : 3.0,
  "Over-Under" : -2.0
}, {
  "End Shift (count)" : 0,
  "Start Shift (count)" : 3,
  "Date" : "2025-10-14",
  "Interval" : "08:00",
  "Line of business" : "Consumer Phone C2 French",
  "Requirements" : 19.0,
  "Language" : "French",
  "Lob (short)" : "Consumer Phone C2",
  "IntervalInterval End" : "08:15",
  "Sum(Start Shift (count))" : 6,
  "Sum(End Shift (count))" : 0,
  "Iteration" : 4,
  "Coverage" : 6.0,
  "Over-Under" : -13.0
}, {
  "End Shift (count)" : 0,
  "Start Shift (count)" : 0,
  "Date" : "2025-10-14",
  "Interval" : "08:15",
  "Line of business" : "Consumer Phone C2 French",
  "Requirements" : 7.0,
  "Language" : "French",
  "Lob (short)" : "Consumer Phone C2",
  "IntervalInterval End" : "08:30",
  "Sum(Start Shift (count))" : 6,
  "Sum(End Shift (count))" : 0,
  "Iteration" : 4,
  "Coverage" : 6.0,
  "Over-Under" : -1.0
}, {
  "End Shift (count)" : 0,
  "Start Shift (count)" : 1,
  "Date" : "2025-10-14",
  "Interval" : "08:30",
  "Line of business" : "Consumer Phone C2 French",
  "Requirements" : 11.0,
  "Language" : "French",
  "Lob (short)" : "Consumer Phone C2",
  "IntervalInterval End" : "08:45",
  "Sum(Start Shift (count))" : 7,
  "Sum(End Shift (count))" : 0,
  "Iteration" : 4,
  "Coverage" : 7.0,
  "Over-Under" : -4.0
}, {
  "End Shift (count)" : 0,
  "Start Shift (count)" : 0,
  "Date" : "2025-10-14",
  "Interval" : "10:00",
  "Line of business" : "Consumer Phone C2 French",
  "Requirements" : 17.0,
  "Language" : "French",
  "Lob (short)" : "Consumer Phone C2",
  "IntervalInterval End" : "10:15",
  "Sum(Start Shift (count))" : 15,
  "Sum(End Shift (count))" : 0,
  "Iteration" : 4,
  "Coverage" : 15.0,
  "Over-Under" : -2.0
}, {
  "End Shift (count)" : 2,
  "Start Shift (count)" : 0,
  "Date" : "2025-10-14",
  "Interval" : "18:00",
  "Line of business" : "Consumer Phone C2 French",
  "Requirements" : 20.0,
  "Language" : "French",
  "Lob (short)" : "Consumer Phone C2",
  "IntervalInterval End" : "18:15",
  "Sum(Start Shift (count))" : 27,
  "Sum(End Shift (count))" : 12,
  "Iteration" : 4,
  "Coverage" : 15.0,
  "Over-Under" : -5.0
}, {
  "End Shift (count)" : 0,
  "Start Shift (count)" : 2,
  "Date" : "2025-10-14",
  "Interval" : "08:00",
  "Line of business" : "Consumer Phone C3 English",
  "Requirements" : 19.0,
  "Language" : "English",
  "Lob (short)" : "Consumer Phone C3",
  "IntervalInterval End" : "08:15",
  "Sum(Start Shift (count))" : 2,
  "Sum(End Shift (count))" : 0,
  "Iteration" : 5,
  "Coverage" : 2.0,
  "Over-Under" : -17.0
}, {
  "End Shift (count)" : 0,
  "Start Shift (count)" : 1,
  "Date" : "2025-10-14",
  "Interval" : "08:30",
  "Line of business" : "Consumer Phone C3 English",
  "Requirements" : 7.0,
  "Language" : "English",
  "Lob (short)" : "Consumer Phone C3",
  "IntervalInterval End" : "08:45",
  "Sum(Start Shift (count))" : 4,
  "Sum(End Shift (count))" : 0,
  "Iteration" : 5,
  "Coverage" : 4.0,
  "Over-Under" : -3.0
}, {
  "End Shift (count)" : 0,
  "Start Shift (count)" : 2,
  "Date" : "2025-10-14",
  "Interval" : "08:45",
  "Line of business" : "Consumer Phone C3 English",
  "Requirements" : 14.0,
  "Language" : "English",
  "Lob (short)" : "Consumer Phone C3",
  "IntervalInterval End" : "09:00",
  "Sum(Start Shift (count))" : 6,
  "Sum(End Shift (count))" : 0,
  "Iteration" : 5,
  "Coverage" : 6.0,
  "Over-Under" : -8.0
}, {
  "End Shift (count)" : 0,
  "Start Shift (count)" : 2,
  "Date" : "2025-10-14",
  "Interval" : "09:15",
  "Line of business" : "Consumer Phone C3 English",
  "Requirements" : 17.0,
  "Language" : "English",
  "Lob (short)" : "Consumer Phone C3",
  "IntervalInterval End" : "09:30",
  "Sum(Start Shift (count))" : 11,
  "Sum(End Shift (count))" : 0,
  "Iteration" : 5,
  "Coverage" : 11.0,
  "Over-Under" : -6.0
}, {
  "End Shift (count)" : 0,
  "Start Shift (count)" : 1,
  "Date" : "2025-10-14",
  "Interval" : "09:45",
  "Line of business" : "Consumer Phone C3 English",
  "Requirements" : 20.0,
  "Language" : "English",
  "Lob (short)" : "Consumer Phone C3",
  "IntervalInterval End" : "10:00",
  "Sum(Start Shift (count))" : 13,
  "Sum(End Shift (count))" : 0,
  "Iteration" : 5,
  "Coverage" : 13.0,
  "Over-Under" : -7.0
}, {
  "End Shift (count)" : 0,
  "Start Shift (count)" : 2,
  "Date" : "2025-10-14",
  "Interval" : "10:15",
  "Line of business" : "Consumer Phone C3 English",
  "Requirements" : 19.0,
  "Language" : "English",
  "Lob (short)" : "Consumer Phone C3",
  "IntervalInterval End" : "10:30",
  "Sum(Start Shift (count))" : 16,
  "Sum(End Shift (count))" : 0,
  "Iteration" : 5,
  "Coverage" : 16.0,
  "Over-Under" : -3.0
}, {
  "End Shift (count)" : 3,
  "Start Shift (count)" : 0,
  "Date" : "2025-10-14",
  "Interval" : "18:00",
  "Line of business" : "Consumer Phone C3 English",
  "Requirements" : 12.0,
  "Language" : "English",
  "Lob (short)" : "Consumer Phone C3",
  "IntervalInterval End" : "18:15",
  "Sum(Start Shift (count))" : 24,
  "Sum(End Shift (count))" : 14,
  "Iteration" : 5,
  "Coverage" : 10.0,
  "Over-Under" : -2.0
}, {
  "End Shift (count)" : 2,
  "Start Shift (count)" : 0,
  "Date" : "2025-10-14",
  "Interval" : "18:15",
  "Line of business" : "Consumer Phone C3 English",
  "Requirements" : 14.0,
  "Language" : "English",
  "Lob (short)" : "Consumer Phone C3",
  "IntervalInterval End" : "18:30",
  "Sum(Start Shift (count))" : 24,
  "Sum(End Shift (count))" : 16,
  "Iteration" : 5,
  "Coverage" : 8.0,
  "Over-Under" : -6.0
}, {
  "End Shift (count)" : 1,
  "Start Shift (count)" : 0,
  "Date" : "2025-10-14",
  "Interval" : "18:30",
  "Line of business" : "Consumer Phone C3 English",
  "Requirements" : 13.0,
  "Language" : "English",
  "Lob (short)" : "Consumer Phone C3",
  "IntervalInterval End" : "18:45",
  "Sum(Start Shift (count))" : 24,
  "Sum(End Shift (count))" : 17,
  "Iteration" : 5,
  "Coverage" : 7.0,
  "Over-Under" : -6.0
}, {
  "End Shift (count)" : 1,
  "Start Shift (count)" : 0,
  "Date" : "2025-10-14",
  "Interval" : "19:00",
  "Line of business" : "Consumer Phone C3 English",
  "Requirements" : 18.0,
  "Language" : "English",
  "Lob (short)" : "Consumer Phone C3",
  "IntervalInterval End" : "19:15",
  "Sum(Start Shift (count))" : 24,
  "Sum(End Shift (count))" : 19,
  "Iteration" : 5,
  "Coverage" : 5.0,
  "Over-Under" : -13.0
}, {
  "End Shift (count)" : 2,
  "Start Shift (count)" : 0,
  "Date" : "2025-10-14",
  "Interval" : "19:15",
  "Line of business" : "Consumer Phone C3 English",
  "Requirements" : 13.0,
  "Language" : "English",
  "Lob (short)" : "Consumer Phone C3",
  "IntervalInterval End" : "19:30",
  "Sum(Start Shift (count))" : 24,
  "Sum(End Shift (count))" : 21,
  "Iteration" : 5,
  "Coverage" : 3.0,
  "Over-Under" : -10.0
}, {
  "End Shift (count)" : 1,
  "Start Shift (count)" : 0,
  "Date" : "2025-10-14",
  "Interval" : "19:30",
  "Line of business" : "Consumer Phone C3 English",
  "Requirements" : 5.0,
  "Language" : "English",
  "Lob (short)" : "Consumer Phone C3",
  "IntervalInterval End" : "19:45",
  "Sum(Start Shift (count))" : 24,
  "Sum(End Shift (count))" : 22,
  "Iteration" : 5,
  "Coverage" : 2.0,
  "Over-Under" : -3.0
}, {
  "End Shift (count)" : 1,
  "Start Shift (count)" : 0,
  "Date" : "2025-10-14",
  "Interval" : "19:45",
  "Line of business" : "Consumer Phone C3 English",
  "Requirements" : 4.0,
  "Language" : "English",
  "Lob (short)" : "Consumer Phone C3",
  "IntervalInterval End" : "20:00",
  "Sum(Start Shift (count))" : 24,
  "Sum(End Shift (count))" : 23,
  "Iteration" : 5,
  "Coverage" : 1.0,
  "Over-Under" : -3.0
}, {
  "End Shift (count)" : 0,
  "Start Shift (count)" : 0,
  "Date" : "2025-10-14",
  "Interval" : "20:00",
  "Line of business" : "Consumer Phone C3 English",
  "Requirements" : 7.0,
  "Language" : "English",
  "Lob (short)" : "Consumer Phone C3",
  "IntervalInterval End" : "20:15",
  "Sum(Start Shift (count))" : 24,
  "Sum(End Shift (count))" : 23,
  "Iteration" : 5,
  "Coverage" : 1.0,
  "Over-Under" : -6.0
}, {
  "End Shift (count)" : 2,
  "Start Shift (count)" : 0,
  "Date" : "2025-10-14",
  "Interval" : "20:15",
  "Line of business" : "Consumer Phone C3 English",
  "Requirements" : 3.0,
  "Language" : "English",
  "Lob (short)" : "Consumer Phone C3",
  "IntervalInterval End" : "20:30",
  "Sum(Start Shift (count))" : 24,
  "Sum(End Shift (count))" : 25,
  "Iteration" : 5,
  "Coverage" : -1.0,
  "Over-Under" : -4.0
}, {
  "End Shift (count)" : 0,
  "Start Shift (count)" : 1,
  "Date" : "2025-10-14",
  "Interval" : "07:00",
  "Line of business" : "Consumer Phone C3 French",
  "Requirements" : 9.0,
  "Language" : "French",
  "Lob (short)" : "Consumer Phone C3",
  "IntervalInterval End" : "07:15",
  "Sum(Start Shift (count))" : 1,
  "Sum(End Shift (count))" : 0,
  "Iteration" : 6,
  "Coverage" : 1.0,
  "Over-Under" : -8.0
}, {
  "End Shift (count)" : 0,
  "Start Shift (count)" : 2,
  "Date" : "2025-10-14",
  "Interval" : "07:15",
  "Line of business" : "Consumer Phone C3 French",
  "Requirements" : 13.0,
  "Language" : "French",
  "Lob (short)" : "Consumer Phone C3",
  "IntervalInterval End" : "07:30",
  "Sum(Start Shift (count))" : 3,
  "Sum(End Shift (count))" : 0,
  "Iteration" : 6,
  "Coverage" : 3.0,
  "Over-Under" : -10.0
}, {
  "End Shift (count)" : 0,
  "Start Shift (count)" : 0,
  "Date" : "2025-10-14",
  "Interval" : "07:30",
  "Line of business" : "Consumer Phone C3 French",
  "Requirements" : 4.0,
  "Language" : "French",
  "Lob (short)" : "Consumer Phone C3",
  "IntervalInterval End" : "07:45",
  "Sum(Start Shift (count))" : 3,
  "Sum(End Shift (count))" : 0,
  "Iteration" : 6,
  "Coverage" : 3.0,
  "Over-Under" : -1.0
}, {
  "End Shift (count)" : 0,
  "Start Shift (count)" : 2,
  "Date" : "2025-10-14",
  "Interval" : "07:45",
  "Line of business" : "Consumer Phone C3 French",
  "Requirements" : 14.0,
  "Language" : "French",
  "Lob (short)" : "Consumer Phone C3",
  "IntervalInterval End" : "08:00",
  "Sum(Start Shift (count))" : 5,
  "Sum(End Shift (count))" : 0,
  "Iteration" : 6,
  "Coverage" : 5.0,
  "Over-Under" : -9.0
}, {
  "End Shift (count)" : 0,
  "Start Shift (count)" : 1,
  "Date" : "2025-10-14",
  "Interval" : "08:00",
  "Line of business" : "Consumer Phone C3 French",
  "Requirements" : 15.0,
  "Language" : "French",
  "Lob (short)" : "Consumer Phone C3",
  "IntervalInterval End" : "08:15",
  "Sum(Start Shift (count))" : 6,
  "Sum(End Shift (count))" : 0,
  "Iteration" : 6,
  "Coverage" : 6.0,
  "Over-Under" : -9.0
}, {
  "End Shift (count)" : 0,
  "Start Shift (count)" : 0,
  "Date" : "2025-10-14",
  "Interval" : "08:15",
  "Line of business" : "Consumer Phone C3 French",
  "Requirements" : 9.0,
  "Language" : "French",
  "Lob (short)" : "Consumer Phone C3",
  "IntervalInterval End" : "08:30",
  "Sum(Start Shift (count))" : 6,
  "Sum(End Shift (count))" : 0,
  "Iteration" : 6,
  "Coverage" : 6.0,
  "Over-Under" : -3.0
}, {
  "End Shift (count)" : 0,
  "Start Shift (count)" : 3,
  "Date" : "2025-10-14",
  "Interval" : "08:30",
  "Line of business" : "Consumer Phone C3 French",
  "Requirements" : 11.0,
  "Language" : "French",
  "Lob (short)" : "Consumer Phone C3",
  "IntervalInterval End" : "08:45",
  "Sum(Start Shift (count))" : 9,
  "Sum(End Shift (count))" : 0,
  "Iteration" : 6,
  "Coverage" : 9.0,
  "Over-Under" : -2.0
}, {
  "End Shift (count)" : 0,
  "Start Shift (count)" : 1,
  "Date" : "2025-10-14",
  "Interval" : "08:45",
  "Line of business" : "Consumer Phone C3 French",
  "Requirements" : 16.0,
  "Language" : "French",
  "Lob (short)" : "Consumer Phone C3",
  "IntervalInterval End" : "09:00",
  "Sum(Start Shift (count))" : 10,
  "Sum(End Shift (count))" : 0,
  "Iteration" : 6,
  "Coverage" : 10.0,
  "Over-Under" : -6.0
}, {
  "End Shift (count)" : 0,
  "Start Shift (count)" : 2,
  "Date" : "2025-10-14",
  "Interval" : "09:00",
  "Line of business" : "Consumer Phone C3 French",
  "Requirements" : 16.0,
  "Language" : "French",
  "Lob (short)" : "Consumer Phone C3",
  "IntervalInterval End" : "09:15",
  "Sum(Start Shift (count))" : 12,
  "Sum(End Shift (count))" : 0,
  "Iteration" : 6,
  "Coverage" : 12.0,
  "Over-Under" : -4.0
}, {
  "End Shift (count)" : 0,
  "Start Shift (count)" : 2,
  "Date" : "2025-10-14",
  "Interval" : "09:30",
  "Line of business" : "Consumer Phone C3 French",
  "Requirements" : 20.0,
  "Language" : "French",
  "Lob (short)" : "Consumer Phone C3",
  "IntervalInterval End" : "09:45",
  "Sum(Start Shift (count))" : 16,
  "Sum(End Shift (count))" : 0,
  "Iteration" : 6,
  "Coverage" : 16.0,
  "Over-Under" : -4.0
}, {
  "End Shift (count)" : 1,
  "Start Shift (count)" : 0,
  "Date" : "2025-10-14",
  "Interval" : "17:45",
  "Line of business" : "Consumer Phone C3 French",
  "Requirements" : 17.0,
  "Language" : "French",
  "Lob (short)" : "Consumer Phone C3",
  "IntervalInterval End" : "18:00",
  "Sum(Start Shift (count))" : 22,
  "Sum(End Shift (count))" : 10,
  "Iteration" : 6,
  "Coverage" : 12.0,
  "Over-Under" : -5.0
}, {
  "End Shift (count)" : 2,
  "Start Shift (count)" : 0,
  "Date" : "2025-10-14",
  "Interval" : "18:00",
  "Line of business" : "Consumer Phone C3 French",
  "Requirements" : 11.0,
  "Language" : "French",
  "Lob (short)" : "Consumer Phone C3",
  "IntervalInterval End" : "18:15",
  "Sum(Start Shift (count))" : 22,
  "Sum(End Shift (count))" : 12,
  "Iteration" : 6,
  "Coverage" : 10.0,
  "Over-Under" : -1.0
}, {
  "End Shift (count)" : 2,
  "Start Shift (count)" : 0,
  "Date" : "2025-10-14",
  "Interval" : "18:15",
  "Line of business" : "Consumer Phone C3 French",
  "Requirements" : 10.0,
  "Language" : "French",
  "Lob (short)" : "Consumer Phone C3",
  "IntervalInterval End" : "18:30",
  "Sum(Start Shift (count))" : 22,
  "Sum(End Shift (count))" : 14,
  "Iteration" : 6,
  "Coverage" : 8.0,
  "Over-Under" : -2.0
}, {
  "End Shift (count)" : 1,
  "Start Shift (count)" : 0,
  "Date" : "2025-10-14",
  "Interval" : "18:45",
  "Line of business" : "Consumer Phone C3 French",
  "Requirements" : 17.0,
  "Language" : "French",
  "Lob (short)" : "Consumer Phone C3",
  "IntervalInterval End" : "19:00",
  "Sum(Start Shift (count))" : 22,
  "Sum(End Shift (count))" : 17,
  "Iteration" : 6,
  "Coverage" : 5.0,
  "Over-Under" : -12.0
}, {
  "End Shift (count)" : 2,
  "Start Shift (count)" : 0,
  "Date" : "2025-10-14",
  "Interval" : "19:00",
  "Line of business" : "Consumer Phone C3 French",
  "Requirements" : 9.0,
  "Language" : "French",
  "Lob (short)" : "Consumer Phone C3",
  "IntervalInterval End" : "19:15",
  "Sum(Start Shift (count))" : 22,
  "Sum(End Shift (count))" : 19,
  "Iteration" : 6,
  "Coverage" : 3.0,
  "Over-Under" : -6.0
}, {
  "End Shift (count)" : 1,
  "Start Shift (count)" : 0,
  "Date" : "2025-10-14",
  "Interval" : "19:15",
  "Line of business" : "Consumer Phone C3 French",
  "Requirements" : 17.0,
  "Language" : "French",
  "Lob (short)" : "Consumer Phone C3",
  "IntervalInterval End" : "19:30",
  "Sum(Start Shift (count))" : 22,
  "Sum(End Shift (count))" : 20,
  "Iteration" : 6,
  "Coverage" : 2.0,
  "Over-Under" : -15.0
}, {
  "End Shift (count)" : 0,
  "Start Shift (count)" : 2,
  "Date" : "2025-10-14",
  "Interval" : "08:00",
  "Line of business" : "Consumer Phone C4 English",
  "Requirements" : 19.0,
  "Language" : "English",
  "Lob (short)" : "Consumer Phone C4",
  "IntervalInterval End" : "08:15",
  "Sum(Start Shift (count))" : 2,
  "Sum(End Shift (count))" : 0,
  "Iteration" : 7,
  "Coverage" : 2.0,
  "Over-Under" : -17.0
}, {
  "End Shift (count)" : 0,
  "Start Shift (count)" : 1,
  "Date" : "2025-10-14",
  "Interval" : "08:15",
  "Line of business" : "Consumer Phone C4 English",
  "Requirements" : 9.0,
  "Language" : "English",
  "Lob (short)" : "Consumer Phone C4",
  "IntervalInterval End" : "08:30",
  "Sum(Start Shift (count))" : 3,
  "Sum(End Shift (count))" : 0,
  "Iteration" : 7,
  "Coverage" : 3.0,
  "Over-Under" : -6.0
}, {
  "End Shift (count)" : 0,
  "Start Shift (count)" : 3,
  "Date" : "2025-10-14",
  "Interval" : "08:30",
  "Line of business" : "Consumer Phone C4 English",
  "Requirements" : 10.0,
  "Language" : "English",
  "Lob (short)" : "Consumer Phone C4",
  "IntervalInterval End" : "08:45",
  "Sum(Start Shift (count))" : 6,
  "Sum(End Shift (count))" : 0,
  "Iteration" : 7,
  "Coverage" : 6.0,
  "Over-Under" : -4.0
}, {
  "End Shift (count)" : 0,
  "Start Shift (count)" : 2,
  "Date" : "2025-10-14",
  "Interval" : "08:45",
  "Line of business" : "Consumer Phone C4 English",
  "Requirements" : 12.0,
  "Language" : "English",
  "Lob (short)" : "Consumer Phone C4",
  "IntervalInterval End" : "09:00",
  "Sum(Start Shift (count))" : 8,
  "Sum(End Shift (count))" : 0,
  "Iteration" : 7,
  "Coverage" : 8.0,
  "Over-Under" : -4.0
}, {
  "End Shift (count)" : 0,
  "Start Shift (count)" : 1,
  "Date" : "2025-10-14",
  "Interval" : "09:00",
  "Line of business" : "Consumer Phone C4 English",
  "Requirements" : 19.0,
  "Language" : "English",
  "Lob (short)" : "Consumer Phone C4",
  "IntervalInterval End" : "09:15",
  "Sum(Start Shift (count))" : 9,
  "Sum(End Shift (count))" : 0,
  "Iteration" : 7,
  "Coverage" : 9.0,
  "Over-Under" : -10.0
}, {
  "End Shift (count)" : 0,
  "Start Shift (count)" : 0,
  "Date" : "2025-10-14",
  "Interval" : "09:15",
  "Line of business" : "Consumer Phone C4 English",
  "Requirements" : 20.0,
  "Language" : "English",
  "Lob (short)" : "Consumer Phone C4",
  "IntervalInterval End" : "09:30",
  "Sum(Start Shift (count))" : 9,
  "Sum(End Shift (count))" : 0,
  "Iteration" : 7,
  "Coverage" : 9.0,
  "Over-Under" : -11.0
}, {
  "End Shift (count)" : 0,
  "Start Shift (count)" : 3,
  "Date" : "2025-10-14",
  "Interval" : "09:30",
  "Line of business" : "Consumer Phone C4 English",
  "Requirements" : 13.0,
  "Language" : "English",
  "Lob (short)" : "Consumer Phone C4",
  "IntervalInterval End" : "09:45",
  "Sum(Start Shift (count))" : 12,
  "Sum(End Shift (count))" : 0,
  "Iteration" : 7,
  "Coverage" : 12.0,
  "Over-Under" : -1.0
}, {
  "End Shift (count)" : 0,
  "Start Shift (count)" : 1,
  "Date" : "2025-10-14",
  "Interval" : "10:30",
  "Line of business" : "Consumer Phone C4 English",
  "Requirements" : 19.0,
  "Language" : "English",
  "Lob (short)" : "Consumer Phone C4",
  "IntervalInterval End" : "10:45",
  "Sum(Start Shift (count))" : 17,
  "Sum(End Shift (count))" : 0,
  "Iteration" : 7,
  "Coverage" : 17.0,
  "Over-Under" : -2.0
}, {
  "End Shift (count)" : 0,
  "Start Shift (count)" : 0,
  "Date" : "2025-10-14",
  "Interval" : "10:45",
  "Line of business" : "Consumer Phone C4 English",
  "Requirements" : 19.0,
  "Language" : "English",
  "Lob (short)" : "Consumer Phone C4",
  "IntervalInterval End" : "11:00",
  "Sum(Start Shift (count))" : 17,
  "Sum(End Shift (count))" : 0,
  "Iteration" : 7,
  "Coverage" : 17.0,
  "Over-Under" : -2.0
}, {
  "End Shift (count)" : 3,
  "Start Shift (count)" : 0,
  "Date" : "2025-10-14",
  "Interval" : "17:30",
  "Line of business" : "Consumer Phone C4 English",
  "Requirements" : 17.0,
  "Language" : "English",
  "Lob (short)" : "Consumer Phone C4",
  "IntervalInterval End" : "17:45",
  "Sum(Start Shift (count))" : 24,
  "Sum(End Shift (count))" : 12,
  "Iteration" : 7,
  "Coverage" : 12.0,
  "Over-Under" : -5.0
}, {
  "End Shift (count)" : 2,
  "Start Shift (count)" : 0,
  "Date" : "2025-10-14",
  "Interval" : "17:45",
  "Line of business" : "Consumer Phone C4 English",
  "Requirements" : 11.0,
  "Language" : "English",
  "Lob (short)" : "Consumer Phone C4",
  "IntervalInterval End" : "18:00",
  "Sum(Start Shift (count))" : 24,
  "Sum(End Shift (count))" : 14,
  "Iteration" : 7,
  "Coverage" : 10.0,
  "Over-Under" : -1.0
}, {
  "End Shift (count)" : 1,
  "Start Shift (count)" : 0,
  "Date" : "2025-10-14",
  "Interval" : "18:00",
  "Line of business" : "Consumer Phone C4 English",
  "Requirements" : 15.0,
  "Language" : "English",
  "Lob (short)" : "Consumer Phone C4",
  "IntervalInterval End" : "18:15",
  "Sum(Start Shift (count))" : 24,
  "Sum(End Shift (count))" : 15,
  "Iteration" : 7,
  "Coverage" : 9.0,
  "Over-Under" : -6.0
}, {
  "End Shift (count)" : 1,
  "Start Shift (count)" : 0,
  "Date" : "2025-10-14",
  "Interval" : "19:00",
  "Line of business" : "Consumer Phone C4 English",
  "Requirements" : 20.0,
  "Language" : "English",
  "Lob (short)" : "Consumer Phone C4",
  "IntervalInterval End" : "19:15",
  "Sum(Start Shift (count))" : 24,
  "Sum(End Shift (count))" : 20,
  "Iteration" : 7,
  "Coverage" : 4.0,
  "Over-Under" : -16.0
}, {
  "End Shift (count)" : 2,
  "Start Shift (count)" : 0,
  "Date" : "2025-10-14",
  "Interval" : "19:15",
  "Line of business" : "Consumer Phone C4 English",
  "Requirements" : 6.0,
  "Language" : "English",
  "Lob (short)" : "Consumer Phone C4",
  "IntervalInterval End" : "19:30",
  "Sum(Start Shift (count))" : 24,
  "Sum(End Shift (count))" : 22,
  "Iteration" : 7,
  "Coverage" : 2.0,
  "Over-Under" : -4.0
}, {
  "End Shift (count)" : 1,
  "Start Shift (count)" : 0,
  "Date" : "2025-10-14",
  "Interval" : "19:30",
  "Line of business" : "Consumer Phone C4 English",
  "Requirements" : 18.0,
  "Language" : "English",
  "Lob (short)" : "Consumer Phone C4",
  "IntervalInterval End" : "19:45",
  "Sum(Start Shift (count))" : 24,
  "Sum(End Shift (count))" : 23,
  "Iteration" : 7,
  "Coverage" : 1.0,
  "Over-Under" : -17.0
}, {
  "End Shift (count)" : 0,
  "Start Shift (count)" : 0,
  "Date" : "2025-10-14",
  "Interval" : "19:45",
  "Line of business" : "Consumer Phone C4 English",
  "Requirements" : 16.0,
  "Language" : "English",
  "Lob (short)" : "Consumer Phone C4",
  "IntervalInterval End" : "20:00",
  "Sum(Start Shift (count))" : 24,
  "Sum(End Shift (count))" : 23,
  "Iteration" : 7,
  "Coverage" : 1.0,
  "Over-Under" : -15.0
}, {
  "End Shift (count)" : 2,
  "Start Shift (count)" : 0,
  "Date" : "2025-10-14",
  "Interval" : "20:00",
  "Line of business" : "Consumer Phone C4 English",
  "Requirements" : 12.0,
  "Language" : "English",
  "Lob (short)" : "Consumer Phone C4",
  "IntervalInterval End" : "20:15",
  "Sum(Start Shift (count))" : 24,
  "Sum(End Shift (count))" : 25,
  "Iteration" : 7,
  "Coverage" : -1.0,
  "Over-Under" : -13.0
}, {
  "End Shift (count)" : 1,
  "Start Shift (count)" : 0,
  "Date" : "2025-10-14",
  "Interval" : "20:15",
  "Line of business" : "Consumer Phone C4 English",
  "Requirements" : 16.0,
  "Language" : "English",
  "Lob (short)" : "Consumer Phone C4",
  "IntervalInterval End" : "20:30",
  "Sum(Start Shift (count))" : 24,
  "Sum(End Shift (count))" : 26,
  "Iteration" : 7,
  "Coverage" : -2.0,
  "Over-Under" : -18.0
}, {
  "End Shift (count)" : 0,
  "Start Shift (count)" : 1,
  "Date" : "2025-10-14",
  "Interval" : "07:00",
  "Line of business" : "Consumer Phone C4 French",
  "Requirements" : 4.0,
  "Language" : "French",
  "Lob (short)" : "Consumer Phone C4",
  "IntervalInterval End" : "07:15",
  "Sum(Start Shift (count))" : 1,
  "Sum(End Shift (count))" : 0,
  "Iteration" : 8,
  "Coverage" : 1.0,
  "Over-Under" : -3.0
}, {
  "End Shift (count)" : 0,
  "Start Shift (count)" : 1,
  "Date" : "2025-10-14",
  "Interval" : "07:15",
  "Line of business" : "Consumer Phone C4 French",
  "Requirements" : 6.0,
  "Language" : "French",
  "Lob (short)" : "Consumer Phone C4",
  "IntervalInterval End" : "07:30",
  "Sum(Start Shift (count))" : 2,
  "Sum(End Shift (count))" : 0,
  "Iteration" : 8,
  "Coverage" : 2.0,
  "Over-Under" : -4.0
}, {
  "End Shift (count)" : 0,
  "Start Shift (count)" : 1,
  "Date" : "2025-10-14",
  "Interval" : "07:30",
  "Line of business" : "Consumer Phone C4 French",
  "Requirements" : 16.0,
  "Language" : "French",
  "Lob (short)" : "Consumer Phone C4",
  "IntervalInterval End" : "07:45",
  "Sum(Start Shift (count))" : 3,
  "Sum(End Shift (count))" : 0,
  "Iteration" : 8,
  "Coverage" : 3.0,
  "Over-Under" : -13.0
}, {
  "End Shift (count)" : 0,
  "Start Shift (count)" : 1,
  "Date" : "2025-10-14",
  "Interval" : "08:30",
  "Line of business" : "Consumer Phone C4 French",
  "Requirements" : 19.0,
  "Language" : "French",
  "Lob (short)" : "Consumer Phone C4",
  "IntervalInterval End" : "08:45",
  "Sum(Start Shift (count))" : 7,
  "Sum(End Shift (count))" : 0,
  "Iteration" : 8,
  "Coverage" : 7.0,
  "Over-Under" : -12.0
}, {
  "End Shift (count)" : 0,
  "Start Shift (count)" : 1,
  "Date" : "2025-10-14",
  "Interval" : "09:30",
  "Line of business" : "Consumer Phone C4 French",
  "Requirements" : 19.0,
  "Language" : "French",
  "Lob (short)" : "Consumer Phone C4",
  "IntervalInterval End" : "09:45",
  "Sum(Start Shift (count))" : 10,
  "Sum(End Shift (count))" : 0,
  "Iteration" : 8,
  "Coverage" : 10.0,
  "Over-Under" : -9.0
}, {
  "End Shift (count)" : 0,
  "Start Shift (count)" : 0,
  "Date" : "2025-10-14",
  "Interval" : "10:30",
  "Line of business" : "Consumer Phone C4 French",
  "Requirements" : 18.0,
  "Language" : "French",
  "Lob (short)" : "Consumer Phone C4",
  "IntervalInterval End" : "10:45",
  "Sum(Start Shift (count))" : 15,
  "Sum(End Shift (count))" : 0,
  "Iteration" : 8,
  "Coverage" : 15.0,
  "Over-Under" : -3.0
}, {
  "End Shift (count)" : 2,
  "Start Shift (count)" : 0,
  "Date" : "2025-10-14",
  "Interval" : "19:00",
  "Line of business" : "Consumer Phone C4 French",
  "Requirements" : 14.0,
  "Language" : "French",
  "Lob (short)" : "Consumer Phone C4",
  "IntervalInterval End" : "19:15",
  "Sum(Start Shift (count))" : 24,
  "Sum(End Shift (count))" : 15,
  "Iteration" : 8,
  "Coverage" : 9.0,
  "Over-Under" : -5.0
}, {
  "End Shift (count)" : 0,
  "Start Shift (count)" : 0,
  "Date" : "2025-10-14",
  "Interval" : "19:15",
  "Line of business" : "Consumer Phone C4 French",
  "Requirements" : 11.0,
  "Language" : "French",
  "Lob (short)" : "Consumer Phone C4",
  "IntervalInterval End" : "19:30",
  "Sum(Start Shift (count))" : 24,
  "Sum(End Shift (count))" : 15,
  "Iteration" : 8,
  "Coverage" : 9.0,
  "Over-Under" : -2.0
} ]